[
  {
    "id": 1,
    "baslik": "🧩 1. Gorev: Kitapla Bir Hayat Degistir",
    "cagri": "Mahallende bir cocuga kitap hediye et ve onunla okuma saati duzenle.",
    "aciklama": "Cocuklarin egitime olan ilgisini artirmak icin bir cocuga kitap hediye et. Okuma saatini planla, o anlari kaydet.",
    "kategori": "egitim",
    "dosya": "pdf/gorev-1.pdf",
    "arkaplan": "cocuk-kitap.jpg",
    "kontenjan": 10,
    "tamamlayan": 0
  },
  {
    "id": 2,
    "baslik": "🧩 2. Gorev: Degerleri Kaybetme!",
    "cagri": "Ailende veya cevrende unutulmaya yuz tutmus bir degeri yazya dok ve paylas.",
    "aciklama": "Unutulmaya yuz tutmus gelenek, hikaye veya deyimi arastir, dijital ortamda paylas.",
    "kategori": "kultur",
    "dosya": "pdf/gorev-2.pdf",
    "arkaplan": "kultur-degeri.jpg",
    "kontenjan": 10,
    "tamamlayan": 0
  },
  {
    "id": 3,
    "baslik": "🧩 3. Gorev: Yesil Alan Olustur",
    "cagri": "Evinizdeki atl tarm alani yesillendir ya da bir saks icinde uretime basla.",
    "aciklama": "Bir yesil alan yarat, toprakla bag kur. Saksida yesillik yetistirip foto ile belgeleyebilirsin.",
    "kategori": "cevre",
    "dosya": "pdf/gorev-3.pdf",
    "arkaplan": "yesil-uretim.jpg",
    "kontenjan": 10,
    "tamamlayan": 0
  },
  {
    "id": 4,
    "baslik": "🧩 4. Gorev: Parklara Geri Donusum Getir",
    "cagri": "Mahallendeki bir cocuk parkina cevreye uygun geri donusum kutusu yerlestir.",
    "aciklama": "Parklari daha cevre dostu hale getirmek icin geri donusum kutusu yerlestir ve bunu belgeleyerek paylas.",
    "kategori": "cevre",
    "dosya": "pdf/gorev-4.pdf",
    "arkaplan": "geri-donusum.jpg",
    "kontenjan": 5,
    "tamamlayan": 0
  },
  {
    "id": 5,
    "baslik": "🧩 5. Gorev: Muzige Ses Ver",
    "cagri": "Ses sistemciler ya da beste yapan birini destekle, mini bir kayit olustur.",
    "aciklama": "Sanatsal uretimi desteklemek icin cevrenizdeki yetenekleri tanitin ve kayit altina alin.",
    "kategori": "sanat",
    "dosya": "pdf/gorev-5.pdf",
    "arkaplan": "muzik-destek.jpg",
    "kontenjan": 5,
    "tamamlayan": 0
  },
  {
    "id": 6,
    "baslik": "🧩 6. Gorev: Gorsel Yarat",
    "cagri": "Bir resim ya da tasarim uretip #Gorev6 etiketiyle paylas.",
    "aciklama": "Sanatsal ifade ozgurlugunu kullanarak kendi resim veya grafik calismanizi uretin.",
    "kategori": "sanat",
    "dosya": "pdf/gorev-6.pdf",
    "arkaplan": "resim-tasarim.jpg",
    "kontenjan": 5,
    "tamamlayan": 0
  },
  {
    "id": 7,
    "baslik": "🧩 7. Gorev: Mozaik Duvar",
    "cagri": "Mahallende bir duvar temizletip genclerle birlikte mozaik/pano olustur.",
    "aciklama": "Toplumsal estetik bilinci olusturmak icin bir duvari birlikte sanatla donusturun.",
    "kategori": "toplum",
    "dosya": "pdf/gorev-7.pdf",
    "arkaplan": "mozaik-duvar.jpg",
    "kontenjan": 5,
    "tamamlayan": 0
  },
  {
    "id": 8,
    "baslik": "🧩 8. Gorev: Kadinlar Icin Alan Ac",
    "cagri": "Kadinlara ozel bir bilinclenme toplantisi organize et.",
    "aciklama": "Kadinin toplumdaki rolunu guclendirmek icin egitici ve dayanismaci bir ortam olustur.",
    "kategori": "toplum",
    "dosya": "pdf/gorev-8.pdf",
    "arkaplan": "kadin-toplantisi.jpg",
    "kontenjan": 5,
    "tamamlayan": 0
  },
  {
    "id": 9,
    "baslik": "🧩 9. Gorev: Umut Mesaji",
    "cagri": "Yasadigin bir zorlugu yazya dokerek baskalarina umut olacak sekilde paylas.",
    "aciklama": "Zorluklarin paylasildiginda nasil guce donusebildigini gostermek icin kendi hikayeni anlat.",
    "kategori": "psikoloji",
    "dosya": "pdf/gorev-9.pdf",
    "arkaplan": "umut-hikayesi.jpg",
    "kontenjan": 5,
    "tamamlayan": 0
  },
  {
    "id": 10,
    "baslik": "🧩 10. Gorev: Gonullu Mentor Ol",
    "cagri": "Genclik merkezinde gonullu mentorluk basvurusu yap.",
    "aciklama": "Bir gencin hayatina dokunmak icin mentorluk basvurusunda bulun ve deneyimlerini paylas.",
    "kategori": "egitim",
    "dosya": "pdf/gorev-10.pdf",
    "arkaplan": "mentor-destek.jpg",
    "kontenjan": 5,
    "tamamlayan": 0
  },
  {
    "id": 11,
    "baslik": "🧩 11. Gorev: Kadin Kararlara Dahil",
    "cagri": "Kadinlarin katildigi bir karar toplantisi duzenle ya da bir oneride bulun.",
    "aciklama": "Toplumun yarisi olan kadinlarin karar sureclerine katilmasi icin yerel bir toplantida yer al ya da bir kurum/kurulusa resmi oneride bulun.",
    "kategori": "toplum",
    "dosya": "pdf/gorev-11.pdf",
    "arkaplan": "kadin-karar.jpg",
    "kontenjan": 5,
    "tamamlayan": 0
  },
  {
    "id": 12,
    "baslik": "🧩 12. Gorev: Muzik Ruhun Gidasidir",
    "cagri": "Bir cocukla birlikte sanat muzigi dinleyin, o an videoya kaydedin.",
    "aciklama": "Geleneksel sanat muziklerinin nesiller arasi aktarimini desteklemek icin bir cocukla birlikte dinleme deneyimi yasayin ve kaydedin.",
    "kategori": "kultur",
    "dosya": "pdf/gorev-12.pdf",
    "arkaplan": "sanat-muzigi.jpg",
    "kontenjan": 5,
    "tamamlayan": 0
  },
  {
    "id": 13,
    "baslik": "🧩 13. Gorev: Sesi Yuksel!",
    "cagri": "Ses sistemciler sahneye!",
    "aciklama": "Bu toplum yillarca sessizce size katlandi. Simdi sira sizde! Bu sayfalarda yer alan playlistleri sokaklara tasiyin, medya engelliyorsa sesimizle duyuracagiz kendimizi!",
    "kategori": "ifade",
    "dosya": "pdf/gorev-13.pdf",
    "arkaplan": "ses-sokak-hoparlor.jpg",
    "kontenjan": 5,
    "tamamlayan": 0
  },
  {
    "id": 14,
    "baslik": "🧩 14. Gorev: Komsuya El Uzat",
    "cagri": "Bir komsunun ihtiyacina karsiliksiz yardim et.",
    "aciklama": "Yakin cevrenizdeki bir komsunun ihtiyacini tespit edin ve hicbir karsilik beklemeden yardim edin. Bu dayanismayi belgeleyin.",
    "kategori": "toplum",
    "dosya": "pdf/gorev-14.pdf",
    "arkaplan": "komsu-yardim.jpg",
    "kontenjan": 5,
    "tamamlayan": 0
  },
  {
    "id": 15,
    "baslik": "🧩 15. Gorev: Bilimle Ilham Ver",
    "cagri": "Bir bilim dergisini bir gence hediye et ya da birlikte oku.",
    "aciklama": "Genclerin bilimle tanismasi icin bir bilim yayini satin alip hediye edin veya birlikte okuyarak fikir uretin.",
    "kategori": "egitim",
    "dosya": "pdf/gorev-15.pdf",
    "arkaplan": "bilim-dergi.jpg",
    "kontenjan": 5,
    "tamamlayan": 0
  },
  {
    "id": 16,
    "baslik": "🧩 16. Gorev: Ahlaki Ornek Ol",
    "cagri": "Ailende ornek bir ahlaki davranişi görünür hale getir.",
    "aciklama": "Topluma aktarilmasi gereken degerli bir davranisi ailende belgeleyerek ya da anlatarak görünür hale getir.",
    "kategori": "ahlak",
    "dosya": "pdf/gorev-16.pdf",
    "arkaplan": "ahlaki-ornek.jpg",
    "kontenjan": 5,
    "tamamlayan": 0
  },
  {
    "id": 17,
    "baslik": "🧩 17. Gorev: Karsit Gorusleri Dinle",
    "cagri": "Bir fikir tartismasinda karsit gorusu dinle, ozetle.",
    "aciklama": "Fikir ozgurlugunun temeli karsit goruslere kulak vermektir. Bir tartismada karsi gorusu anlamaya calis ve notlar al.",
    "kategori": "ifade",
    "dosya": "pdf/gorev-17.pdf",
    "arkaplan": "karsit-gorus.jpg",
    "kontenjan": 5,
    "tamamlayan": 0
  },
  {
    "id": 18,
    "baslik": "🧩 18. Gorev: Engeli Asan Destek",
    "cagri": "Bir engelli bireyin ihtiyaclarini gozlemleyip destek onerisi sun.",
    "aciklama": "Erisilebilirlik ve farkindalik icin engelli bireylerin hayatini gozlemle ve pratik destek onerileri gelistir.",
    "kategori": "toplum",
    "dosya": "pdf/gorev-18.pdf",
    "arkaplan": "engelli-destek.jpg",
    "kontenjan": 5,
    "tamamlayan": 0
  },
  {
    "id": 19,
    "baslik": "🧩 19. Gorev: Sebze Yetistir",
    "cagri": "Balkon ya da bahcede kucuk bir sebze yetistir.",
    "aciklama": "Gida bilinci ve uretkenlik icin evde ya da balkonda sebze yetistirin. Sureci belgeleyin.",
    "kategori": "cevre",
    "dosya": "pdf/gorev-19.pdf",
    "arkaplan": "sebze-uretimi.jpg",
    "kontenjan": 5,
    "tamamlayan": 0
  },
  {
    "id": 20,
    "baslik": "🧩 20. Gorev: Tiyatroyla Taniş",
    "cagri": "Yerel tiyatroya bir gencle birlikte git.",
    "aciklama": "Sanatin gelismesine katki saglamak icin yerel tiyatro etkinligine bir genci davet et ve deneyimi paylas.",
    "kategori": "sanat",
    "dosya": "pdf/gorev-20.pdf",
    "arkaplan": "tiyatro-genc.jpg",
    "kontenjan": 5,
    "tamamlayan": 0
  },
  {
    "id": 21,
    "baslik": "🧩 21. Gorev: Gecmise Kulak Ver",
    "cagri": "Yasli birinden gecmis bayramlari dinle ve kaydet.",
    "aciklama": "Gecmisteki kutlamalari, gelenekleri ve birlik duygusunu yasli birinden dinleyerek arastir. Ses kaydi veya yazili metin hazirla.",
    "kategori": "kultur",
    "dosya": "pdf/gorev-21.pdf",
    "arkaplan": "bayram-hatiralari.jpg",
    "kontenjan": 5,
    "tamamlayan": 0
  },
  {
    "id": 22,
    "baslik": "🧩 22. Gorev: OZGURLUK SOZUN OLSUN",
    "cagri": "Ozgurluk hakkinda kendi sozlerini yaz.",
    "aciklama": "Oz farkindalik ve ifade ozgurlugunu desteklemek icin ozgurluk kavramina dair kendi cumlelerini uret.",
    "kategori": "ifade",
    "dosya": "pdf/gorev-22.pdf",
    "arkaplan": "ozgurluk-sozleri.jpg",
    "kontenjan": 5,
    "tamamlayan": 0
  },
  {
    "id": 23,
    "baslik": "🧩 23. Gorev: Kokenlerini Kesfet",
    "cagri": "Atalarinin yasadigi bir yerin tarihini arastir.",
    "aciklama": "Ailene ait tarihi mekanlari, koyleri veya sehirleri arastir, belgele ve bu mirasi paylas.",
    "kategori": "kultur",
    "dosya": "pdf/gorev-23.pdf",
    "arkaplan": "tarih-arastirma.jpg",
    "kontenjan": 5,
    "tamamlayan": 0
  },
  {
    "id": 24,
    "baslik": "🧩 24. Gorev: Dijital Detoks Gunu",
    "cagri": "1 gun dijital detoks yapip uretim odakli yasa.",
    "aciklama": "Telefon, internet ve sosyal medyadan 24 saat uzak durarak daha bilincli bir gune adim at. Bu sureci gunluk olarak yaz.",
    "kategori": "bilinç",
    "dosya": "pdf/gorev-24.pdf",
    "arkaplan": "dijital-detoks.jpg",
    "kontenjan": 5,
    "tamamlayan": 0
  },
  {
    "id": 25,
    "baslik": "🧩 25. Gorev: Anmayi Unutma",
    "cagri": "Bir anma torenine katil ya da organize et.",
    "aciklama": "Toplumun ortak yas ve anma kulturu icin sehit, sanatci, bilim insani ya da onemli bir figuru anma etkinligi duzenle.",
    "kategori": "toplum",
    "dosya": "pdf/gorev-25.pdf",
    "arkaplan": "anma-etkinligi.jpg",
    "kontenjan": 5,
    "tamamlayan": 0
  },
  {
    "id": 26,
    "baslik": "🧩 26. Gorev: Tarihi Canlandir",
    "cagri": "Tarihi bir olayi resmet ya da video uret.",
    "aciklama": "Unutulmaması gereken bir tarihi olayi sec, onu sanatla anlat (resim, kisa film, animasyon, tiyatro).",
    "kategori": "tarih",
    "dosya": "pdf/gorev-26.pdf",
    "arkaplan": "tarih-canlandirma.jpg",
    "kontenjan": 5,
    "tamamlayan": 0
  },
  {
    "id": 27,
    "baslik": "🧩 27. Gorev: Sanatci Tani",
    "cagri": "Bir sanatciyi 3 kisiye tanit.",
    "aciklama": "Toplumda sanata verilen degeri artırmak icin bir yerli sanatçıyı çevrene anlat, eserlerini paylas.",
    "kategori": "sanat",
    "dosya": "pdf/gorev-27.pdf",
    "arkaplan": "sanatci-tanitimi.jpg",
    "kontenjan": 5,
    "tamamlayan": 0
  },
  {
    "id": 28,
    "baslik": "🧩 28. Gorev: Inanci Tanı",
    "cagri": "Farkli inanctan bir arkadasla karsilikli ogrenme sohbeti yap.",
    "aciklama": "Farkliliklari anlamak icin saygılı ve merakli bir sohbet ortaminda karsilikli sorular sorun, ogrenin.",
    "kategori": "toplum",
    "dosya": "pdf/gorev-28.pdf",
    "arkaplan": "inanc-sohbet.jpg",
    "kontenjan": 5,
    "tamamlayan": 0
  },
  {
    "id": 29,
    "baslik": "🧩 29. Gorev: OZGURLUGU SOR",
    "cagri": "3 kisiye ozgurluk kavrami hakkinda soru sor, yanitlarini kaydet.",
    "aciklama": "Toplumun ozgurluk anlayisini anlamak icin 3 farkli insana bu kavrami sor ve cevaplarini yaz.",
    "kategori": "ifade",
    "dosya": "pdf/gorev-29.pdf",
    "arkaplan": "ozgurluk-roportaj.jpg",
    "kontenjan": 5,
    "tamamlayan": 0
  },
  {
    "id": 30,
    "baslik": "🧩 30. Gorev: Halk Gazetesi",
    "cagri": "Bir gunlugune gazete cikar ya da haber yap.",
    "aciklama": "Yasadigin bolgedeki önemli bir olayi haber formatinda yazarak veya bir bulten hazirlayarak topluma duyur.",
    "kategori": "medya",
    "dosya": "pdf/gorev-30.pdf",
    "arkaplan": "halk-gazetesi.jpg",
    "kontenjan": 5,
    "tamamlayan": 0
  },
  {
    "id": 31,
    "baslik": "🧩 31. Gorev: Renkli Ilham",
    "cagri": "Birine resim defteri veya boya hediye et.",
    "aciklama": "Yaraticiligi desteklemek icin birine resim malzemesi hediye et ve onunla birlikte yaratma surecine katil.",
    "kategori": "sanat",
    "dosya": "pdf/gorev-31.pdf",
    "arkaplan": "resim-hediye.jpg",
    "kontenjan": 5,
    "tamamlayan": 0
  },
  {
    "id": 32,
    "baslik": "🧩 32. Gorev: Hikaye Dinle",
    "cagri": "Yasli birinden gecmise dair hikaye dinle.",
    "aciklama": "Kulturel mirasi anlamak ve korumak icin buyuklerinden bir yasam hikayesi dinleyip kaydet.",
    "kategori": "kultur",
    "dosya": "pdf/gorev-32.pdf",
    "arkaplan": "hikaye-dinle.jpg",
    "kontenjan": 5,
    "tamamlayan": 0
  },
  {
    "id": 33,
    "baslik": "🧩 33. Gorev: Ilham Sokakta",
    "cagri": "“Ilham nedir?” konulu sokak roportaji yap.",
    "aciklama": "Ilham veren dusunceleri sokakta sor ve gelen yanitlari derleyerek video ya da yaziya dok.",
    "kategori": "ifade",
    "dosya": "pdf/gorev-33.pdf",
    "arkaplan": "ilham-roportaj.jpg",
    "kontenjan": 5,
    "tamamlayan": 0
  },
  {
    "id": 34,
    "baslik": "🧩 34. Gorev: Halkin Basarisi",
    "cagri": "Halkin basarilarini anlatan bir icerik paylas.",
    "aciklama": "Toplum icindeki gosterilmeyen basarilari yazili veya gorsel olarak paylasarak motive edici bir icerik uret.",
    "kategori": "toplum",
    "dosya": "pdf/gorev-34.pdf",
    "arkaplan": "basari-halk.jpg",
    "kontenjan": 5,
    "tamamlayan": 0
  },
  {
    "id": 35,
    "baslik": "🧩 35. Gorev: Buyukannenin Anisi",
    "cagri": "Buyuk annenin hayatina dair yazili bir ani olustur.",
    "aciklama": "Aile buyuklerinin yasam tecrubelerinden yola cikarak bir anisini yazili hale getir ve paylas.",
    "kategori": "aile",
    "dosya": "pdf/gorev-35.pdf",
    "arkaplan": "buyukanne-ani.jpg",
    "kontenjan": 5,
    "tamamlayan": 0
  },
  {
    "id": 36,
    "baslik": "🧩 36. Gorev: Temizlikte Birlik",
    "cagri": "Komsularla imece usulu temizlik etkinligi yap.",
    "aciklama": "Sokak, park veya apartman gibi ortak alanlarda cevre temizligi yaparak toplumsal dayanismayi artir.",
    "kategori": "toplum",
    "dosya": "pdf/gorev-36.pdf",
    "arkaplan": "temizlik-etkinlik.jpg",
    "kontenjan": 5,
    "tamamlayan": 0
  },
  {
    "id": 37,
    "baslik": "🧩 37. Gorev: Hakkaniyet Talebi",
    "cagri": "Belediyeye hakkaniyetli bir hizmet talebi gonder.",
    "aciklama": "Yerel yonetimlere yapici ve adil bir hizmet talebinde bulunarak demokratik katilimi tesvik et.",
    "kategori": "adalet",
    "dosya": "pdf/gorev-37.pdf",
    "arkaplan": "hizmet-talep.jpg",
    "kontenjan": 5,
    "tamamlayan": 0
  },
  {
    "id": 38,
    "baslik": "🧩 38. Gorev: Aile Agaci",
    "cagri": "Aile agacini cizmeye basla.",
    "aciklama": "Kendi koku ve gecmisini tanimak icin aileni kusaklara ayirarak bir soy agaci ciz.",
    "kategori": "aile",
    "dosya": "pdf/gorev-38.pdf",
    "arkaplan": "aile-agaci.jpg",
    "kontenjan": 5,
    "tamamlayan": 0
  },
  {
    "id": 39,
    "baslik": "🧩 39. Gorev: Anayasa Okuma Saati",
    "cagri": "Anayasayi oku, anlamadiklarini hukukcuya sor.",
    "aciklama": "Haklarini ogrenmek ve bilincli birey olmak icin anayasa metnini oku, anlamadigin kisimlari uzmana danis.",
    "kategori": "hukuk",
    "dosya": "pdf/gorev-39.pdf",
    "arkaplan": "anayasa-okuma.jpg",
    "kontenjan": 5,
    "tamamlayan": 0
  },
  {
    "id": 40,
    "baslik": "🧩 40. Gorev: Medeniyet Eksigi",
    "cagri": "Medeniyet eksigini tespit et, cozum onerisi yaz.",
    "aciklama": "Toplumun ilerlemesi icin fark ettigin bir medeniyet eksigini tanimla ve bunun icin uygulanabilir bir cozum yaz.",
    "kategori": "medeniyet",
    "dosya": "pdf/gorev-40.pdf",
    "arkaplan": "medeniyet-cozum.jpg",
    "kontenjan": 5,
    "tamamlayan": 0
  },
  {
    "id": 41,
    "baslik": "🧩 41. Gorev: Kitap Zinciri",
    "cagri": "Bir okul kutuphanesine kitap bagisla.",
    "aciklama": "Egitimde firsat esitsizligini azaltmak icin yerel bir okula kitap desteginde bulun.",
    "kategori": "egitim",
    "dosya": "pdf/gorev-41.pdf",
    "arkaplan": "kutuphane-kitap.jpg",
    "kontenjan": 5,
    "tamamlayan": 0
  },
  {
    "id": 42,
    "baslik": "🧩 42. Gorev: Zafer Filmi",
    "cagri": "Zafer gununu canlandiran kisa film cek.",
    "aciklama": "Milli degerleri yasatmak icin bir zaferi anlatan kisa film veya animasyon uret.",
    "kategori": "tarih",
    "dosya": "pdf/gorev-42.pdf",
    "arkaplan": "zafer-film.jpg",
    "kontenjan": 5,
    "tamamlayan": 0
  },
  {
    "id": 43,
    "baslik": "🧩 43. Gorev: Birlik Konusmasi",
    "cagri": "Bir toplulukta birlik temali konusma yap.",
    "aciklama": "Birlik ve beraberlik temasini isleyen bir konusma yaparak cevrendekileri motive et.",
    "kategori": "ifade",
    "dosya": "pdf/gorev-43.pdf",
    "arkaplan": "birlik-konusma.jpg",
    "kontenjan": 5,
    "tamamlayan": 0
  },
  {
    "id": 44,
    "baslik": "🧩 44. Gorev: Aile Istisare Saati",
    "cagri": "Ailende haftalik istisare saati baslat.",
    "aciklama": "Aile icinde guclu iletisim kurmak icin her hafta belirli bir saati fikir paylasimi ve dinleme zamani olarak belirle.",
    "kategori": "aile",
    "dosya": "pdf/gorev-44.pdf",
    "arkaplan": "aile-istisare.jpg",
    "kontenjan": 5,
    "tamamlayan": 0
  },
  {
    "id": 45,
    "baslik": "🧩 45. Gorev: Gelecegi Hayal Et",
    "cagri": "Gelecegi anlatan bir icerik uret.",
    "aciklama": "Hayal ettigin Turkiye'yi ya da dunya gelecegini gorsel, yazili veya sesli olarak anlat.",
    "kategori": "vizyon",
    "dosya": "pdf/gorev-45.pdf",
    "arkaplan": "gelecek-hayal.jpg",
    "kontenjan": 5,
    "tamamlayan": 0
  },
  {
    "id": 46,
    "baslik": "🧩 46. Gorev: Egitim Esitsizligini Belgele",
    "cagri": "Egitim esitsizligi tespiti yap ve bildir.",
    "aciklama": "Cevrende egitime erisimde yasanan bir esitsizligi gozlemle, belgeleyip yetkililere bildir ya da topluma duyur.",
    "kategori": "egitim",
    "dosya": "pdf/gorev-46.pdf",
    "arkaplan": "egitim-esitsizlik.jpg",
    "kontenjan": 5,
    "tamamlayan": 0
  },
  {
    "id": 47,
    "baslik": "🧩 47. Gorev: Turkculuk Kitabi",
    "cagri": "Turkculukle ilgili kitap hediye et.",
    "aciklama": "Milli bilinç kazandirmak icin bir gence Turkculuk temasinda yazilmis bir kitap hediye et.",
    "kategori": "kultur",
    "dosya": "pdf/gorev-47.pdf",
    "arkaplan": "turkculuk-kitap.jpg",
    "kontenjan": 5,
    "tamamlayan": 0
  },
  {
    "id": 48,
    "baslik": "🧩 48. Gorev: Fetih Hikayesi",
    "cagri": "Fetih hikayesini dramatize et.",
    "aciklama": "Tarihi bir fethi dramatik bir sekilde anlatan bir hikaye yaz ya da kisa film/video uret.",
    "kategori": "tarih",
    "dosya": "pdf/gorev-48.pdf",
    "arkaplan": "fetih-hikaye.jpg",
    "kontenjan": 5,
    "tamamlayan": 0
  },
  {
    "id": 49,
    "baslik": "🧩 49. Gorev: Hayat Tavsiyesi",
    "cagri": "Hayat tavsiyesi al ve yazya dok.",
    "aciklama": "Etrafindaki buyuklerden bir yasam tavsiyesi iste, bunu yazili hale getirerek baskalarina da ilham ver.",
    "kategori": "aile",
    "dosya": "pdf/gorev-49.pdf",
    "arkaplan": "hayat-tavsiyesi.jpg",
    "kontenjan": 5,
    "tamamlayan": 0
  },
  {
    "id": 50,
    "baslik": "🧩 50. Gorev: Yabanci Yayina Tepki",
    "cagri": "Yabanci bir yayin elestirisi yap ve yerli cozum oner.",
    "aciklama": "Yabanci bir medya yayininin olumsuz etkisini analiz et ve yerine yerli bir alternatif oner.",
    "kategori": "medya",
    "dosya": "pdf/gorev-50.pdf",
    "arkaplan": "yabanci-elestiri.jpg",
    "kontenjan": 5,
    "tamamlayan": 0
  },
  {
    "id": 51,
    "baslik": "🧩 51. Gorev: Zafer Anini Yaz",
    "cagri": "Zafer dolu anini yazya dok ve paylas.",
    "aciklama": "Basarili oldugun bir ani, gurur duydugun bir zamani yaz ve insanlara ilham ver.",
    "kategori": "ifade",
    "dosya": "pdf/gorev-51.pdf",
    "arkaplan": "zafer-ani.jpg",
    "kontenjan": 5,
    "tamamlayan": 0
  },
  {
    "id": 52,
    "baslik": "🧩 52. Gorev: Gercekten Gerekli",
    "cagri": "Gercekten gerekli bir karar al ve uygula.",
    "aciklama": "Hayatina pozitif etki edecek bir degisiklik yap, bunu planla, uygula ve sonucunu paylas.",
    "kategori": "bilinç",
    "dosya": "pdf/gorev-52.pdf",
    "arkaplan": "karar-uygulama.jpg",
    "kontenjan": 5,
    "tamamlayan": 0
  },
  {
    "id": 53,
    "baslik": "🧩 53. Gorev: Onurlu Durus",
    "cagri": "Topluluk onunde onurlu durusu anlat.",
    "aciklama": "Dogru bildigin seyin arkasinda durdugun bir ani paylas ya da boyle birini anlat.",
    "kategori": "ahlak",
    "dosya": "pdf/gorev-53.pdf",
    "arkaplan": "onurlu-durus.jpg",
    "kontenjan": 5,
    "tamamlayan": 0
  },
  {
    "id": 54,
    "baslik": "🧩 54. Gorev: Gonullu Ogretmenlik",
    "cagri": "Okuma yazma bilmeyene gonullu ogretmenlik yap.",
    "aciklama": "Etrafinda okuma yazma bilmeyen birine gonullu ogretmenlik yaparak topluma katkida bulun.",
    "kategori": "egitim",
    "dosya": "pdf/gorev-54.pdf",
    "arkaplan": "gonullu-ogretmen.jpg",
    "kontenjan": 5,
    "tamamlayan": 0
  },
  {
    "id": 55,
    "baslik": "🧩 55. Gorev: Adalet Olayi Paylas",
    "cagri": "Adaleti anlatan bir olay paylas.",
    "aciklama": "Adalet duygusunu pekistiren yasadigin ya da duydugun bir olayi belgeleyip paylas.",
    "kategori": "adalet",
    "dosya": "pdf/gorev-55.pdf",
    "arkaplan": "adalet-hikaye.jpg",
    "kontenjan": 5,
    "tamamlayan": 0
  }
  ,
  {
    "id": 56,
    "baslik": "🧩 56. Gorev: Ahlaki Durus Goster",
    "cagri": "Ahlaki bir davranisi gorunur kil.",
    "aciklama": "Gordugun veya sergiledigin ahlaki bir davranisi yazili ya da gorsel sekilde paylasarak topluma ornek ol.",
    "kategori": "ahlak",
    "dosya": "pdf/gorev-56.pdf",
    "arkaplan": "ahlaki-durus.jpg",
    "kontenjan": 5,
    "tamamlayan": 0
  },
  {
    "id": 57,
    "baslik": "🧩 57. Gorev: Cumhuriyet Panosu",
    "cagri": "Cumhuriyet degerleri panosu hazirla.",
    "aciklama": "Ataturk'un ilke ve inkilaplarini yansitan bir pano ya da afis tasarimi yap ve sergile.",
    "kategori": "kultur",
    "dosya": "pdf/gorev-57.pdf",
    "arkaplan": "cumhuriyet-pano.jpg",
    "kontenjan": 5,
    "tamamlayan": 0
  },
  {
    "id": 58,
    "baslik": "🧩 58. Gorev: Kız Cocuk Egitimi",
    "cagri": "Bir kiz cocugunun egitimi icin destek agi kur.",
    "aciklama": "Egitime erisimde zorluk yasayan bir kiz cocuguna yardim icin yerel bir destek sistemi gelistir.",
    "kategori": "egitim",
    "dosya": "pdf/gorev-58.pdf",
    "arkaplan": "kiz-egitim.jpg",
    "kontenjan": 5,
    "tamamlayan": 0
  },
  {
    "id": 59,
    "baslik": "🧩 59. Gorev: Tarihi Belgele",
    "cagri": "Tarihi bir olayi belgeleyip paylas.",
    "aciklama": "Yerel veya ulusal oneme sahip bir tarihi olayi arsivlerden, kisilerden ya da mekanlardan arastir ve kaydet.",
    "kategori": "tarih",
    "dosya": "pdf/gorev-59.pdf",
    "arkaplan": "tarihi-belge.jpg",
    "kontenjan": 5,
    "tamamlayan": 0
  },
  {
    "id": 60,
    "baslik": "🧩 60. Gorev: Topraga Ses Ver",
    "cagri": "Koyluyle roportaj yap, topragin anlamini kaydet.",
    "aciklama": "Koy hayatinda uretimin anlamini, zorlugunu ve onemini anlatan bir roportaj yaparak topluma sun.",
    "kategori": "toplum",
    "dosya": "pdf/gorev-60.pdf",
    "arkaplan": "toprak-roportaj.jpg",
    "kontenjan": 5,
    "tamamlayan": 0
  },
  {
    "id": 61,
    "baslik": "🧩 61. Gorev: Yazarla Taniş",
    "cagri": "Bir yazarin eserini gencle birlikte incele.",
    "aciklama": "Yerel ya da onemli bir yazarin kitabini bir gence tanit, birlikte okuyun ve tartisin.",
    "kategori": "egitim",
    "dosya": "pdf/gorev-61.pdf",
    "arkaplan": "yazar-kitap.jpg",
    "kontenjan": 5,
    "tamamlayan": 0
  },
  {
    "id": 62,
    "baslik": "🧩 62. Gorev: Modernlesme Tespiti",
    "cagri": "Modernlesme ihtiyacini gozlemle ve oner.",
    "aciklama": "Bir toplumsal alanda (egitim, trafik, iletisim vb.) modernlesme eksigi tespit et ve cozum onerisi uret.",
    "kategori": "vizyon",
    "dosya": "pdf/gorev-62.pdf",
    "arkaplan": "modernlesme-analiz.jpg",
    "kontenjan": 5,
    "tamamlayan": 0
  },
  {
    "id": 63,
    "baslik": "🧩 63. Gorev: Karsit Fikri Anla",
    "cagri": "Tartistigin konularda karsit gorusu anlamaya calis.",
    "aciklama": "Fikir ayriliklarinda karsindaki kisinin bakis acisini nesnel bir sekilde ozetleyerek empati kur.",
    "kategori": "ifade",
    "dosya": "pdf/gorev-63.pdf",
    "arkaplan": "empati-fikir.jpg",
    "kontenjan": 5,
    "tamamlayan": 0
  },
  {
    "id": 64,
    "baslik": "🧩 64. Gorev: Dusunceyi Dijitale Aktar",
    "cagri": "Dusunce mirasini dijital ortama aktar.",
    "aciklama": "Ailene, toplumuna ya da yasamina ait onemli fikirleri belgeleyip dijital ortamda sakla ya da paylas.",
    "kategori": "kultur",
    "dosya": "pdf/gorev-64.pdf",
    "arkaplan": "dusunce-dijital.jpg",
    "kontenjan": 5,
    "tamamlayan": 0
  },
  {
    "id": 65,
    "baslik": "🧩 65. Gorev: Cumhuriyet Afisi",
    "cagri": "Cumhuriyet icin siir/afis uret.",
    "aciklama": "Cumhuriyet degerlerine dair bir siir yaz ya da grafik afis hazirla. Paylasarak yayilmasina katkida bulun.",
    "kategori": "kultur",
    "dosya": "pdf/gorev-65.pdf",
    "arkaplan": "cumhuriyet-afis.jpg",
    "kontenjan": 5,
    "tamamlayan": 0
  },
  {
    "id": 66,
    "baslik": "🧩 66. Gorev: Calisma Aliskanligi Gelistir",
    "cagri": "Calisma azmini artiran bir aliskanlik gelistir.",
    "aciklama": "Verimliligi artirmak icin kendine duzenli tekrar edebilecegin bir calisma aliskanligi edin ve deneyimini paylas.",
    "kategori": "bilinç",
    "dosya": "pdf/gorev-66.pdf",
    "arkaplan": "calisma-azmi.jpg",
    "kontenjan": 5,
    "tamamlayan": 0
  },
  {
    "id": 67,
    "baslik": "🧩 67. Gorev: Moral Mesaji Yolla",
    "cagri": "Guvenlik gorevlisine moral mesaji gonder.",
    "aciklama": "Zor sartlarda calisan bir guvenlik calisanina moral verici bir mektup ya da mesaj gonder.",
    "kategori": "toplum",
    "dosya": "pdf/gorev-67.pdf",
    "arkaplan": "moral-guvenlik.jpg",
    "kontenjan": 5,
    "tamamlayan": 0
  },
  {
    "id": 68,
    "baslik": "🧩 68. Gorev: Ogretmen Hikayesi",
    "cagri": "Bir ogretmenin etkisini anlatan hikaye yaz.",
    "aciklama": "Seni etkileyen bir ogretmenin hayatina dokunusunu anlatan yazili bir anini kaleme al.",
    "kategori": "egitim",
    "dosya": "pdf/gorev-68.pdf",
    "arkaplan": "ogretmen-hikaye.jpg",
    "kontenjan": 5,
    "tamamlayan": 0
  },
  {
    "id": 69,
    "baslik": "🧩 69. Gorev: Bilimi Halklaştir",
    "cagri": "Bilimsel gelismeyi halka anlatan sunum hazirla.",
    "aciklama": "Bir bilimsel gelismeyi herkesin anlayabilecegi bir sekilde aciklayan sunum ya da gorsel icerik olustur.",
    "kategori": "bilim",
    "dosya": "pdf/gorev-69.pdf",
    "arkaplan": "bilim-anlat.jpg",
    "kontenjan": 5,
    "tamamlayan": 0
  },
  {
    "id": 70,
    "baslik": "🧩 70. Gorev: Kadini Gorunur Kil",
    "cagri": "Topluma katkı saglayan bir kadını görünür kil.",
    "aciklama": "Cevrende fedakarligi, bilgisi ya da cesaretiyle ozel bir kadini tanitici bir icerikle destekle.",
    "kategori": "toplum",
    "dosya": "pdf/gorev-70.pdf",
    "arkaplan": "kadin-gorunur.jpg",
    "kontenjan": 5,
    "tamamlayan": 0
  },
  {
    "id": 71,
    "baslik": "🧩 71. Gorev: Icindeki Toplumu Yaz",
    "cagri": "Icindeki birey ve toplum yonunu yaz.",
    "aciklama": "Toplumla baglantilarini sorgulayan bir yazi kaleme al. Toplumdaki rolunu ve bireysel sorumluluklarini ifade et.",
    "kategori": "bilinç",
    "dosya": "pdf/gorev-71.pdf",
    "arkaplan": "toplum-birey.jpg",
    "kontenjan": 5,
    "tamamlayan": 0
  },
  {
    "id": 72,
    "baslik": "🧩 72. Gorev: Hizmet Edeni Anlat",
    "cagri": "Hizmet eden birini gorunur kil.",
    "aciklama": "Cevrende sessizce topluma hizmet eden bir kisiyi tanitici bir video, roportaj ya da yazi ile anlat.",
    "kategori": "toplum",
    "dosya": "pdf/gorev-72.pdf",
    "arkaplan": "hizmet-eden.jpg",
    "kontenjan": 5,
    "tamamlayan": 0
  },
  {
    "id": 73,
    "baslik": "🧩 73. Gorev: Yerel Kahramani Anlat",
    "cagri": "Yerel bagimsizlik kahramanini anlat.",
    "aciklama": "Yoresel tarihinde yer alan bir kahramani arastir ve onun bagimsizlik mucadelesini toplumla paylas.",
    "kategori": "tarih",
    "dosya": "pdf/gorev-73.pdf",
    "arkaplan": "yerel-kahraman.jpg",
    "kontenjan": 5,
    "tamamlayan": 0
  },
  {
    "id": 74,
    "baslik": "🧩 74. Gorev: Yerli Cozum Uret",
    "cagri": "Dis bagimliligi azaltan yerli bir cozum oner.",
    "aciklama": "Bir alanda (enerji, gida, teknoloji) dis bagimliligi azaltacak yerli uretim odakli bir fikir uret.",
    "kategori": "vizyon",
    "dosya": "pdf/gorev-74.pdf",
    "arkaplan": "yerli-cozum.jpg",
    "kontenjan": 5,
    "tamamlayan": 0
  },
  {
    "id": 75,
    "baslik": "🧩 75. Gorev: Hayal Kur Yildizlara Bak",
    "cagri": "Bir cocukla birlikte yildizlara bakarak hayal kur.",
    "aciklama": "Bir cocukla birlikte gece yildizlara bakarak hayal kurun. O hayali yazili ya da gorsel olarak kaydedin.",
    "kategori": "egitim",
    "dosya": "pdf/gorev-75.pdf",
    "arkaplan": "yildiz-hayal.jpg",
    "kontenjan": 5,
    "tamamlayan": 0
  },
  {
    "id": 76,
    "baslik": "🧩 76. Gorev: Adil Hizmet Denetimi",
    "cagri": "Yerel yonetim hizmetini adalet acisindan degerlendir.",
    "aciklama": "Mahallendeki veya sehirdeki bir hizmetin adil dagitilip dagitilmadigini gozlemle ve raporla.",
    "kategori": "adalet",
    "dosya": "pdf/gorev-76.pdf",
    "arkaplan": "yerel-hizmet.jpg",
    "kontenjan": 5,
    "tamamlayan": 0
  },
  {
    "id": 77,
    "baslik": "🧩 77. Gorev: Iyi Vatandaslik",
    "cagri": "Bir komsunla iyi vatandaslik pratigi yap.",
    "aciklama": "Komsuluk iliskilerini guclendiren bir davranista bulun. Bu deneyimi yazili veya gorsel olarak paylas.",
    "kategori": "toplum",
    "dosya": "pdf/gorev-77.pdf",
    "arkaplan": "iyi-vatandas.jpg",
    "kontenjan": 5,
    "tamamlayan": 0
  },
  {
    "id": 78,
    "baslik": "🧩 78. Gorev: Hak Ihlalini Belgele",
    "cagri": "Bir insan hakki ihlalini raporla.",
    "aciklama": "Gozlemledigini veya sahit oldugun bir hak ihlalini belgeleyerek topluma duyur ya da kurumlara bildir.",
    "kategori": "hak",
    "dosya": "pdf/gorev-78.pdf",
    "arkaplan": "hak-ihlali.jpg",
    "kontenjan": 5,
    "tamamlayan": 0
  },
  {
    "id": 79,
    "baslik": "🧩 79. Gorev: Dijital Genclik Kampanyasi",
    "cagri": "Gencler icin dijital kampanya baslat.",
    "aciklama": "Gencleri bilincli tukenim, egitim, sanat ya da teknoloji uzerine harekete gecirecek sosyal medya kampanyasi duzenle.",
    "kategori": "bilinç",
    "dosya": "pdf/gorev-79.pdf",
    "arkaplan": "genclik-kampanya.jpg",
    "kontenjan": 5,
    "tamamlayan": 0
  },
  {
    "id": 80,
    "baslik": "🧩 80. Gorev: Masal Saati",
    "cagri": "Cocuklara masal saati organize et.",
    "aciklama": "Bir okulda, parkta veya evde cocuklara masal okuyarak onlarla hayal gucunu gelistiren bir etkinlik duzenle.",
    "kategori": "egitim",
    "dosya": "pdf/gorev-80.pdf",
    "arkaplan": "masal-saati.jpg",
    "kontenjan": 5,
    "tamamlayan": 0
  },
  {
    "id": 81,
    "baslik": "🧩 81. Gorev: Milletin Yolunda",
    "cagri": "Millete adanmis bir hayat ornek al.",
    "aciklama": "Toplum icin calismis, fedakarlik yapmis bir kisinin hayatini incele, o kisiden ilham alarak kisaca yaz.",
    "kategori": "toplum",
    "dosya": "pdf/gorev-81.pdf",
    "arkaplan": "millet-adanmis.jpg",
    "kontenjan": 5,
    "tamamlayan": 0
  },
  {
    "id": 82,
    "baslik": "🧩 82. Gorev: Saygi Ile Konus",
    "cagri": "Fikirlerini acik ve saygili sekilde ifade et.",
    "aciklama": "Tartismadan kacmadan, saygi cercevesinde fikirlerini ifade ettigin bir ortam yasadiysan anlat.",
    "kategori": "ifade",
    "dosya": "pdf/gorev-82.pdf",
    "arkaplan": "saygili-ifade.jpg",
    "kontenjan": 5,
    "tamamlayan": 0
  },
  {
    "id": 83,
    "baslik": "🧩 83. Gorev: Tercume Ozeti",
    "cagri": "Bir tercume metni kendi cumlelerinle anlat.",
    "aciklama": "Baska bir dilden cevrilmis bir yazi, kitap ya da belgedeki anlamlari kendi cumlelerinle ozetle ve yay.",
    "kategori": "egitim",
    "dosya": "pdf/gorev-83.pdf",
    "arkaplan": "tercume-ozet.jpg",
    "kontenjan": 5,
    "tamamlayan": 0
  },
  {
    "id": 84,
    "baslik": "🧩 84. Gorev: Basin Ozgurlugu",
    "cagri": "Basin ozgurlugu uzerine icerik uret.",
    "aciklama": "Basinin tarafsizligi ve ozgurlugunun topluma etkisi hakkinda bir yazi ya da gorsel icerik hazirla.",
    "kategori": "ifade",
    "dosya": "pdf/gorev-84.pdf",
    "arkaplan": "basin-ozgurlugu.jpg",
    "kontenjan": 5,
    "tamamlayan": 0
  },
  {
    "id": 85,
    "baslik": "🧩 85. Gorev: Millet Bilinci",
    "cagri": "Millet bilincine dair hikaye yaz.",
    "aciklama": "Halk olmanin, millet olmanin onemini anlatan kisa ve anlamli bir hikaye yazarak yay.",
    "kategori": "toplum",
    "dosya": "pdf/gorev-85.pdf",
    "arkaplan": "millet-hikaye.jpg",
    "kontenjan": 5,
    "tamamlayan": 0
  }
],
{
  "id": 86,
  "baslik": "🧩 86. Gorev: OZGURLUGU PAYLAS",
  "cagri": "Ozgurlukle ilgili bir zorluk yasadiysan paylas.",
  "aciklama": "Baskilar, engeller veya yasaklar nedeniyle kendini ifade edemedigin bir ani anlat.",
  "kategori": "ifade",
  "dosya": "pdf/gorev-86.pdf",
  "arkaplan": "ozgurluk-engel.jpg",
  "kontenjan": 5,
  "tamamlayan": 0
},
{
  "id": 87,
  "baslik": "🧩 87. Gorev: Bilimin Toplumsal Faydasi",
  "cagri": "Bilimin toplumsal faydasini anlatan icerik uret.",
  "aciklama": "Bir bilimsel gelisimin toplumdaki somut etkilerini aciklayan bir video, grafik ya da yazi hazirla.",
  "kategori": "bilim",
  "dosya": "pdf/gorev-87.pdf",
  "arkaplan": "bilim-toplum.jpg",
  "kontenjan": 5,
  "tamamlayan": 0
},
{
  "id": 88,
  "baslik": "🧩 88. Gorev: Ekonomik Sorunu Goster",
  "cagri": "Ekonomik bir sorun tespiti ve onerisi yap.",
  "aciklama": "Cevrende gozlemledigine dayali bir ekonomik sorunu tespit et ve iyilestirme onerilerini paylas.",
  "kategori": "ekonomi",
  "dosya": "pdf/gorev-88.pdf",
  "arkaplan": "ekonomi-raporu.jpg",
  "kontenjan": 5,
  "tamamlayan": 0
},
{
  "id": 89,
  "baslik": "🧩 89. Gorev: Birine Kitap Oku",
  "cagri": "Birine kitap oku ya da okuma ogret.",
  "aciklama": "Bir cocuk, yetiskin ya da yasli bireye kitap oku ya da harfleri, heceleri birlikte calisin.",
  "kategori": "egitim",
  "dosya": "pdf/gorev-89.pdf",
  "arkaplan": "kitap-okuma.jpg",
  "kontenjan": 5,
  "tamamlayan": 0
},
{
  "id": 90,
  "baslik": "🧩 90. Gorev: Gecmise Hafiza Ol",
  "cagri": "Gecmisteki bir olayi belgeleyerek hafiza olustur.",
  "aciklama": "Toplumun unuttugu, ustu ortulen ya da bilinmeyen bir olayi belgeleyerek kayit altina al.",
  "kategori": "tarih",
  "dosya": "pdf/gorev-90.pdf",
  "arkaplan": "gecmis-hafiza.jpg",
  "kontenjan": 5,
  "tamamlayan": 0
},
{
  "id": 91,
  "baslik": "🧩 91. Gorev: Vatani Hazirla",
  "cagri": "Bir genci vatani goreve hazirlamada destekle.",
  "aciklama": "Sorumluluk, dayanisma, tarih bilinci gibi konularda bir genci bilincli vatandasliga yonlendir.",
  "kategori": "egitim",
  "dosya": "pdf/gorev-91.pdf",
  "arkaplan": "vatan-genc.jpg",
  "kontenjan": 5,
  "tamamlayan": 0
},
{
  "id": 92,
  "baslik": "🧩 92. Gorev: Bilim Insanini Tanit",
  "cagri": "Bir bilim insanini tanit.",
  "aciklama": "Ulusal ya da uluslararasi bir bilim insaninin hayatini ve calismalarini anlatan kisa bir biyografi olustur.",
  "kategori": "bilim",
  "dosya": "pdf/gorev-92.pdf",
  "arkaplan": "bilim-insani.jpg",
  "kontenjan": 5,
  "tamamlayan": 0
},
{
  "id": 93,
  "baslik": "🧩 93. Gorev: Kulturel Gelenegi Aktar",
  "cagri": "Kulturel gelenekleri genclere aktar.",
  "aciklama": "Bir gelenegi tanitmak, anlatmak veya deneyimletmek uzere genc nesillerle etkinlik duzenle.",
  "kategori": "kultur",
  "dosya": "pdf/gorev-93.pdf",
  "arkaplan": "kultur-gelenek.jpg",
  "kontenjan": 5,
  "tamamlayan": 0
},
{
  "id": 94,
  "baslik": "🧩 94. Gorev: Ata Yadigari Dijital",
  "cagri": "Ata yadigari bir nesneyi dijitale aktar.",
  "aciklama": "Ailene ait eski bir belge, fotograf, mektup gibi degerli bir icerigi taratip dijitallestirerek koru.",
  "kategori": "tarih",
  "dosya": "pdf/gorev-94.pdf",
  "arkaplan": "ata-dijital.jpg",
  "kontenjan": 5,
  "tamamlayan": 0
},
{
  "id": 95,
  "baslik": "🧩 95. Gorev: Kulturel Miras Kampanyasi",
  "cagri": "Kulturel miras icin kampanya baslat.",
  "aciklama": "Unutulmaya yuz tutmus bir kulturel miras unsurunu korumak ya da tanitmak icin sosyal medya kampanyasi duzenle.",
  "kategori": "kultur",
  "dosya": "pdf/gorev-95.pdf",
  "arkaplan": "kultur-miras.jpg",
  "kontenjan": 5,
  "tamamlayan": 0
  },
  {
    "id": 96,
    "baslik": "🧩 96. Gorev: Fikir Ozgurlugu Anisi",
    "cagri": "Fikir ozgurlugune dair tanikligini paylas.",
    "aciklama": "Kendi fikrini ifade ettigin ve bir etkiyle karsilastigin bir olayi yazili sekilde anlat.",
    "kategori": "ifade",
    "dosya": "pdf/gorev-96.pdf",
    "arkaplan": "fikir-ozgurlugu.jpg",
    "kontenjan": 5,
    "tamamlayan": 0
  },
  {
    "id": 97,
    "baslik": "🧩 97. Gorev: Kultur Tanitim Icerigi",
    "cagri": "Kulturel deger tanitan bir icerik uret.",
    "aciklama": "Yoresel bir yemek, giyim, gelenek ya da sanat turunu tanitici bir icerik hazirla.",
    "kategori": "kultur",
    "dosya": "pdf/gorev-97.pdf",
    "arkaplan": "kultur-tanitimi.jpg",
    "kontenjan": 5,
    "tamamlayan": 0
  },
  {
    "id": 98,
    "baslik": "🧩 98. Gorev: OZGURLUK MESAJI",
    "cagri": "Ozgurluk hakkinda dusunduren bir mesaj yaz.",
    "aciklama": "Bireysel ozgurlugun tanimini yap ve topluma ilham verecek sekilde ozgun bir mesaj olustur.",
    "kategori": "ifade",
    "dosya": "pdf/gorev-98.pdf",
    "arkaplan": "ozgurluk-mesaj.jpg",
    "kontenjan": 5,
    "tamamlayan": 0
  },
  {
    "id": 99,
    "baslik": "🧩 99. Gorev: Istiklal Nedir?",
    "cagri": "Istiklal nedir sorusuna kendi cevabini ver.",
    "aciklama": "Milli bagimsizlik, ozgurluk, onur gibi kavramlara dair istiklal tanimini yap ve paylas.",
    "kategori": "ifade",
    "dosya": "pdf/gorev-99.pdf",
    "arkaplan": "istiklal-cevap.jpg",
    "kontenjan": 5,
    "tamamlayan": 0
  },
  {
    "id": 100,
    "baslik": "🧩 100. Gorev: Basariyi Paylas",
    "cagri": "Emekle kazanilmis bir basariyi baskasiyla paylas.",
    "aciklama": "Kendin ya da cevrenizdeki birinin azimle elde ettigi basariyi anlat ve bu motivasyonu baskalarina ulastir.",
    "kategori": "toplum",
    "dosya": "pdf/gorev-100.pdf",
    "arkaplan": "basari-paylas.jpg",
    "kontenjan": 5,
    "tamamlayan": 0
  }
]